payment_id,amount,retry_count,successful_payments,failed_payments,lifetime_value,subscription_active,previous_failures,failure_reason,recovered
pay_test_1,84310,0,0,4,65196,0,1,insufficient_funds,1
pay_test_2,11895,4,13,0,8811,0,1,card_declined,0
pay_test_2,11895,4,13,0,8811,0,1,card_declined,0
pay_test_3,79407,0,17,3,188700,1,1,network_error,1
pay_test_4,36963,0,5,6,90194,1,1,card_declined,1
pay_test_5,13896,0,12,1,95104,1,4,expired_card,1
pay_test_6,96147,3,17,1,100230,0,4,expired_card,1
pay_test_7,81570,2,18,3,185699,0,0,card_declined,0
pay_test_8,10958,1,3,6,73869,1,5,expired_card,0
pay_test_9,49020,2,6,10,70986,0,4,card_declined,0
pay_test_10,96068,1,5,7,100471,1,5,bank_error,0
pay_test_11,90233,2,1,3,9414,1,3,expired_card,0
pay_test_12,28153,4,10,3,172819,1,3,network_error,0
pay_test_13,35218,1,7,8,142289,1,5,bank_error,0
pay_test_14,76984,3,11,3,37262,1,0,insufficient_funds,1
pay_test_15,20533,5,5,10,111666,0,3,network_error,0
pay_test_16,61848,4,8,8,4009,0,5,bank_error,0
pay_test_17,84512,2,3,4,114971,0,3,insufficient_funds,0
pay_test_18,66112,1,16,1,164918,1,5,bank_error,1
pay_test_19,26571,1,11,2,142394,0,4,expired_card,0
pay_test_20,3052,0,11,4,63770,0,1,bank_error,1
pay_test_21,11726,5,15,1,140645,0,1,network_error,1
pay_test_22,22143,2,16,9,111923,0,4,card_declined,0
pay_test_23,52796,5,20,5,115845,1,0,card_declined,0
pay_test_24,8892,2,0,9,146207,0,4,card_declined,0
pay_test_25,9805,5,20,0,61015,0,0,expired_card,0
pay_test_26,67891,1,8,10,128248,0,4,card_declined,0
pay_test_27,76025,3,7,7,107708,0,0,insufficient_funds,0
pay_test_28,46938,3,13,7,192122,0,5,insufficient_funds,0
pay_test_29,53272,5,10,1,66183,0,1,bank_error,0
pay_test_30,18873,3,5,4,122275,0,0,network_error,1
pay_test_31,13333,0,20,8,4868,0,1,card_declined,0
pay_test_32,64153,3,6,6,16370,0,3,insufficient_funds,0
pay_test_33,35260,3,9,6,183607,1,1,card_declined,1
pay_test_34,29034,0,18,8,16979,1,0,insufficient_funds,1
pay_test_35,62993,4,16,2,15910,0,1,insufficient_funds,0
pay_test_36,9407,5,7,6,32427,0,4,bank_error,0
pay_test_37,81683,0,13,10,154006,1,2,card_declined,1
pay_test_38,31785,2,12,2,177079,1,3,expired_card,1
pay_test_39,1720,3,19,9,27209,0,4,card_declined,0
pay_test_40,35260,1,11,1,65037,1,2,card_declined,1
pay_test_41,71700,5,9,9,172435,0,5,bank_error,0
pay_test_42,87451,0,4,4,31258,0,5,bank_error,0
pay_test_43,36197,2,19,3,189117,1,1,expired_card,1
pay_test_44,64532,2,1,1,167273,1,2,insufficient_funds,1
pay_test_45,44219,1,20,4,43357,1,4,network_error,1
pay_test_46,1767,0,2,2,144023,0,2,bank_error,1
pay_test_47,19910,3,4,0,81808,1,0,expired_card,1
pay_test_48,89899,1,3,5,147770,1,4,card_declined,0
pay_test_49,21799,1,13,0,48018,1,3,card_declined,1
pay_test_50,21366,5,3,6,11151,1,1,card_declined,0
pay_test_51,46330,2,7,3,7203,0,3,expired_card,0
pay_test_52,9599,2,11,10,134537,1,5,bank_error,0
pay_test_53,4117,0,8,2,153198,1,0,insufficient_funds,1
pay_test_54,57459,2,10,6,159914,0,3,bank_error,0
pay_test_55,33886,0,13,0,137293,0,2,network_error,1
pay_test_56,87562,2,19,5,174903,0,5,expired_card,0
pay_test_57,41038,5,13,5,106486,1,4,card_declined,0
pay_test_58,55608,5,12,10,197118,0,4,bank_error,0
pay_test_59,53725,4,0,4,76212,0,3,bank_error,0
pay_test_60,86313,2,14,7,116909,0,4,network_error,0
pay_test_61,86856,0,9,8,175025,1,0,card_declined,1
pay_test_62,29944,1,4,0,13114,0,3,bank_error,0
pay_test_63,60192,3,20,9,51970,1,3,network_error,1
pay_test_64,19842,5,0,1,112449,0,1,bank_error,0
pay_test_65,7082,4,7,1,120658,0,3,bank_error,0
pay_test_66,78547,2,14,9,189553,1,4,network_error,0
pay_test_67,97972,3,14,4,198073,0,5,expired_card,0
pay_test_68,64017,5,7,4,116309,0,5,expired_card,0
pay_test_69,36114,2,10,8,22122,0,1,card_declined,0
pay_test_70,91457,1,6,1,109755,1,2,bank_error,1
pay_test_71,54996,0,6,6,103099,0,4,network_error,1
pay_test_72,1272,2,9,6,110843,0,3,card_declined,0
pay_test_73,57625,3,0,6,89114,1,5,card_declined,0
pay_test_74,17228,4,17,0,104290,0,0,network_error,0
pay_test_75,61015,1,1,4,100379,1,1,network_error,1
pay_test_76,44736,3,8,6,67131,0,3,insufficient_funds,1
pay_test_77,7326,2,7,10,18987,0,0,card_declined,0
pay_test_78,3171,4,4,3,34088,1,5,insufficient_funds,0
pay_test_79,29069,3,8,5,44984,0,1,expired_card,0
pay_test_80,76349,0,9,9,178562,1,3,card_declined,1
pay_test_81,78107,5,20,3,27712,1,5,bank_error,0
pay_test_82,74677,0,11,8,113296,1,0,bank_error,1
pay_test_83,45225,0,13,7,28666,1,2,network_error,1
pay_test_84,57580,1,16,10,71800,1,3,network_error,1
pay_test_85,35679,2,7,1,74119,1,1,network_error,1
pay_test_86,80497,5,12,5,8523,1,2,card_declined,0
pay_test_87,28302,2,8,5,74310,1,4,insufficient_funds,1
pay_test_88,25542,0,7,6,129077,0,5,network_error,1
pay_test_89,93802,3,14,0,25393,1,1,network_error,1
pay_test_90,40635,5,18,5,125062,1,3,bank_error,0
pay_test_91,46612,5,14,4,81379,1,1,insufficient_funds,1
pay_test_92,41859,0,17,2,51211,0,5,network_error,1
pay_test_93,95472,4,16,9,75186,0,1,expired_card,0
pay_test_94,47801,1,9,0,186602,0,2,insufficient_funds,1
pay_test_95,73029,2,4,10,198339,1,0,insufficient_funds,1
pay_test_96,37768,3,15,7,90314,0,0,expired_card,0
pay_test_97,15453,0,12,7,20420,0,1,card_declined,0
pay_test_98,40324,0,7,1,147295,1,4,bank_error,1
pay_test_99,30081,4,12,7,117056,1,4,network_error,0
pay_test_100,75031,4,1,9,195009,0,1,card_declined,0
pay_test_101,87063,0,5,3,46564,0,1,insufficient_funds,0
pay_test_102,59548,5,19,7,77351,0,1,expired_card,0
pay_test_103,92641,3,2,10,62190,1,5,bank_error,0
pay_test_104,56223,0,17,3,170773,0,2,card_declined,0
pay_test_105,8316,1,9,9,197334,1,3,insufficient_funds,1
pay_test_106,90766,2,12,4,132195,1,3,insufficient_funds,1
pay_test_107,5724,3,10,9,66632,0,0,card_declined,0
pay_test_108,77455,0,8,9,11546,0,3,bank_error,0
pay_test_109,58463,2,5,9,115264,1,0,network_error,1
pay_test_110,54023,2,10,10,28420,0,2,network_error,0
pay_test_111,38277,5,12,8,10619,1,0,expired_card,0
pay_test_112,42872,0,12,8,1301,1,3,insufficient_funds,1
pay_test_113,68452,2,19,7,164947,1,0,card_declined,0
pay_test_114,72487,1,9,7,184042,1,0,insufficient_funds,1
pay_test_115,80306,1,5,4,145399,0,4,network_error,0
pay_test_116,29951,0,14,1,170793,0,3,expired_card,1
pay_test_117,92959,2,13,7,124789,0,3,bank_error,0
pay_test_118,50777,1,19,8,196636,0,0,expired_card,0
pay_test_119,45048,4,8,0,75144,1,4,bank_error,1
pay_test_120,19976,3,17,7,91472,1,4,bank_error,0
pay_test_121,60182,2,6,3,150893,1,1,network_error,1
pay_test_122,42204,5,15,6,102208,0,3,insufficient_funds,0
pay_test_123,66336,4,10,1,116423,0,4,network_error,0
pay_test_124,95192,1,13,10,41464,0,3,expired_card,0
pay_test_125,82191,5,12,10,22054,1,5,bank_error,0
pay_test_126,42005,5,15,8,10410,0,1,expired_card,0
pay_test_127,98380,0,13,1,167133,0,3,card_declined,1
pay_test_128,4294,0,10,0,77904,1,2,network_error,1
pay_test_129,32507,4,13,9,179729,0,1,card_declined,0
pay_test_130,80387,3,19,10,64132,1,4,card_declined,0
pay_test_131,60943,5,8,7,67932,0,3,expired_card,0
pay_test_132,21206,0,14,5,155028,1,5,network_error,1
pay_test_133,60378,2,6,6,127670,0,1,network_error,1
pay_test_134,47549,4,9,4,6751,1,2,insufficient_funds,0
pay_test_135,90389,5,1,9,196342,1,2,card_declined,0
pay_test_136,46679,1,20,3,163762,1,5,card_declined,1
pay_test_137,13235,5,20,0,81984,1,0,bank_error,1
pay_test_138,96491,1,2,4,86647,1,1,card_declined,0
pay_test_139,71201,2,16,8,72441,0,2,network_error,0
pay_test_140,98353,2,3,7,20739,0,1,network_error,0
pay_test_141,48442,0,12,0,70326,0,3,expired_card,1
pay_test_142,77119,3,20,5,29402,0,3,insufficient_funds,0
pay_test_143,74084,2,19,3,170778,0,5,network_error,0
pay_test_144,85597,3,3,2,12887,0,2,network_error,0
pay_test_145,13239,1,17,2,102881,1,2,bank_error,1
pay_test_146,77483,5,4,6,172683,0,3,bank_error,0
pay_test_147,37166,0,11,3,117230,1,1,expired_card,1
pay_test_148,90373,2,17,10,95024,0,3,expired_card,0
pay_test_149,16511,3,2,10,56602,0,0,expired_card,0
pay_test_150,17005,4,6,1,146282,0,4,card_declined,0
pay_test_151,43564,1,19,0,73685,0,1,bank_error,1
pay_test_152,23371,0,0,2,4895,1,1,bank_error,1
pay_test_153,2568,1,8,0,34228,1,4,insufficient_funds,1
pay_test_154,62922,3,11,8,156625,0,3,bank_error,0
pay_test_155,81123,0,16,4,121073,0,0,network_error,1
pay_test_156,56372,5,3,7,187751,1,0,insufficient_funds,0
pay_test_157,80230,1,2,2,73093,1,3,bank_error,1
pay_test_158,39152,3,16,9,113774,0,5,insufficient_funds,0
pay_test_159,85816,4,6,6,119372,0,3,expired_card,0
pay_test_160,52762,3,3,5,112873,1,5,expired_card,0
pay_test_161,20506,5,15,1,24914,0,0,network_error,0
pay_test_162,98094,5,11,2,146849,0,4,bank_error,0
pay_test_163,43707,5,3,6,93693,1,5,insufficient_funds,0
pay_test_164,79196,2,11,1,152497,0,1,network_error,1
pay_test_165,14684,2,17,5,31116,1,4,card_declined,0
pay_test_166,74026,4,19,10,169479,0,4,expired_card,0
pay_test_167,24147,2,9,5,93018,0,1,card_declined,0
pay_test_168,86659,3,2,2,195240,0,0,bank_error,0
pay_test_169,49808,3,14,5,42263,1,2,expired_card,1
pay_test_170,78648,0,1,2,42264,0,5,insufficient_funds,0
pay_test_171,58579,5,13,7,160141,1,3,expired_card,0
pay_test_172,99451,4,3,5,113699,0,2,bank_error,0
pay_test_173,69566,5,9,0,58807,1,4,insufficient_funds,0
pay_test_174,27294,2,6,2,67982,1,2,insufficient_funds,1
pay_test_175,65693,5,13,2,34865,1,4,card_declined,0
pay_test_176,73733,5,11,1,105089,0,3,insufficient_funds,1
pay_test_177,10705,2,18,6,151313,1,5,network_error,1
pay_test_178,15596,3,0,5,46055,1,5,expired_card,0
pay_test_179,57740,0,7,6,155369,1,4,insufficient_funds,1
pay_test_180,41168,5,10,3,88311,0,0,bank_error,0
pay_test_181,15445,4,16,3,92586,1,5,card_declined,0
pay_test_182,13974,1,8,3,46481,0,5,insufficient_funds,0
pay_test_183,82806,3,14,9,152904,1,5,bank_error,0
pay_test_184,83769,4,10,10,83873,0,3,insufficient_funds,0
pay_test_185,58461,5,9,4,156037,0,2,bank_error,0
pay_test_186,41185,3,14,0,15913,1,2,insufficient_funds,1
pay_test_187,12335,4,19,8,101789,1,4,bank_error,0
pay_test_188,59447,4,20,3,85286,1,4,card_declined,0
pay_test_189,59550,0,10,1,133264,0,0,card_declined,1
pay_test_190,58095,4,16,9,42614,1,2,expired_card,0
pay_test_191,54078,2,19,0,166383,1,0,expired_card,1
pay_test_192,73633,5,12,4,67059,0,2,insufficient_funds,0
pay_test_193,87480,1,11,4,172980,1,1,bank_error,1
pay_test_194,41077,4,12,10,87108,0,5,bank_error,0
pay_test_195,85175,5,13,8,95851,0,2,expired_card,0
pay_test_196,28574,2,15,3,60386,0,1,insufficient_funds,1
pay_test_197,13756,4,17,8,10895,1,4,card_declined,0
pay_test_198,49877,1,5,2,182625,0,5,network_error,0
pay_test_199,54352,2,7,7,161063,1,5,network_error,0
pay_test_200,70493,1,9,7,51860,1,5,bank_error,0
pay_test_201,61013,2,12,8,139270,1,1,card_declined,1
pay_test_202,18640,2,1,10,126983,1,4,insufficient_funds,0
pay_test_203,16841,2,2,2,72510,1,4,card_declined,0
pay_test_204,12521,1,14,5,7991,1,0,network_error,1
pay_test_205,49515,1,12,1,99281,0,0,expired_card,0
pay_test_206,94177,5,10,2,37070,0,2,network_error,0
pay_test_207,99962,5,15,7,162309,0,0,insufficient_funds,0
pay_test_208,28766,1,17,9,139352,1,0,expired_card,0
pay_test_209,39972,0,1,3,111054,1,0,insufficient_funds,1
pay_test_210,78715,4,0,10,136102,0,5,card_declined,0
pay_test_211,56761,0,19,5,64062,1,1,insufficient_funds,1
pay_test_212,47765,0,16,8,133992,0,3,network_error,0
pay_test_213,83818,3,11,4,196904,0,2,insufficient_funds,1
pay_test_214,32104,5,20,1,153542,1,1,insufficient_funds,1
pay_test_215,72067,2,20,2,180485,1,5,network_error,1
pay_test_216,24391,1,2,7,10695,1,1,insufficient_funds,0
pay_test_217,5992,2,9,8,105392,1,2,insufficient_funds,1
pay_test_218,25548,2,11,0,172896,1,2,insufficient_funds,1
pay_test_219,57772,3,14,6,89876,0,3,network_error,1
pay_test_220,68562,2,2,6,21690,1,4,card_declined,0
pay_test_221,39004,2,3,1,86962,1,2,network_error,1
pay_test_222,94565,3,5,7,93155,1,0,expired_card,0
pay_test_223,57508,2,20,0,20671,1,2,bank_error,1
pay_test_224,4581,1,19,10,115864,0,1,insufficient_funds,0
pay_test_225,85062,2,11,6,149699,0,4,card_declined,0
pay_test_226,49123,2,14,1,151450,0,4,expired_card,0
pay_test_227,41707,5,8,3,30739,0,5,card_declined,0
pay_test_228,68361,3,17,1,69623,1,5,network_error,1
pay_test_229,80699,2,15,3,33148,0,0,network_error,0
pay_test_230,94002,3,2,10,84778,1,5,insufficient_funds,0
pay_test_231,71563,2,9,2,187596,0,2,bank_error,1
pay_test_232,16407,1,4,3,130504,0,2,bank_error,0
pay_test_233,48853,3,17,2,161418,0,0,expired_card,1
pay_test_234,94469,5,15,8,108687,1,4,insufficient_funds,0
pay_test_235,42053,5,2,7,123115,1,1,bank_error,0
pay_test_236,77542,1,4,6,132822,0,0,bank_error,0
pay_test_237,40362,1,5,5,186947,0,2,bank_error,0
pay_test_238,10836,2,6,10,145399,1,1,expired_card,0
pay_test_239,70424,0,16,10,45206,0,1,bank_error,0
pay_test_240,44752,4,1,0,22292,0,5,bank_error,0
pay_test_241,85844,1,18,6,163033,0,3,bank_error,0
pay_test_242,84636,2,15,3,180566,1,2,network_error,1
pay_test_243,90757,0,5,7,109952,1,3,card_declined,1
pay_test_244,80016,1,10,5,193466,1,3,card_declined,1
pay_test_245,67999,4,3,5,64370,1,0,expired_card,0
pay_test_246,32995,1,3,0,77077,1,4,network_error,0
pay_test_247,21432,2,18,5,50763,0,3,bank_error,0
pay_test_248,65873,2,15,0,24605,1,4,network_error,1
pay_test_249,28699,4,11,0,14248,1,3,bank_error,1
pay_test_250,88648,3,9,8,3143,0,3,card_declined,0
pay_test_251,95855,2,12,5,12860,1,0,bank_error,1
pay_test_252,26013,2,17,4,20275,1,4,network_error,1
pay_test_253,37163,4,19,1,34728,0,3,expired_card,0
pay_test_254,73616,2,4,3,158932,1,4,insufficient_funds,0
pay_test_255,5600,1,10,7,137139,1,1,bank_error,1
pay_test_256,18821,2,19,5,43598,1,4,expired_card,0
pay_test_257,44589,4,16,8,129410,1,3,insufficient_funds,0
pay_test_258,43916,5,3,6,154014,1,5,insufficient_funds,0
pay_test_259,62705,2,20,9,152423,0,5,insufficient_funds,0
pay_test_260,63473,1,16,10,190053,1,1,card_declined,0
pay_test_261,75547,5,3,3,5964,1,2,network_error,0
pay_test_262,54627,5,6,6,132548,1,5,insufficient_funds,0
pay_test_263,68484,1,17,5,174598,1,4,network_error,1
pay_test_264,23199,3,17,5,144202,1,5,expired_card,1
pay_test_265,63962,1,7,4,147299,1,1,expired_card,0
pay_test_266,92892,1,15,5,126777,1,4,expired_card,0
pay_test_267,16474,4,17,6,104424,1,1,expired_card,0
pay_test_268,38200,5,2,5,116966,1,5,network_error,0
pay_test_269,26985,4,8,8,183497,1,1,insufficient_funds,0
pay_test_270,97610,4,7,3,14307,0,5,card_declined,0
pay_test_271,13633,3,10,7,27357,0,0,bank_error,0
pay_test_272,53834,5,15,7,171534,0,2,expired_card,0
pay_test_273,85159,0,2,10,151505,0,4,insufficient_funds,0
pay_test_274,55273,1,1,6,130861,0,5,expired_card,0
pay_test_275,1714,2,18,9,29128,1,2,network_error,1
pay_test_276,71711,4,15,2,133176,1,2,card_declined,0
pay_test_277,43843,1,14,10,68440,0,0,expired_card,0
pay_test_278,74920,5,6,2,161158,1,3,bank_error,1
pay_test_279,11868,3,3,2,37860,1,2,card_declined,0
pay_test_280,34681,3,7,7,198592,1,2,expired_card,0
pay_test_281,95249,4,0,4,172359,1,5,card_declined,0
pay_test_282,88028,0,14,4,42868,1,5,bank_error,0
pay_test_283,90977,0,20,4,97349,0,1,card_declined,1
pay_test_284,20578,3,19,5,110011,1,4,card_declined,0
pay_test_285,89673,4,2,8,118112,1,0,bank_error,0
pay_test_286,8594,4,16,3,151130,0,1,expired_card,0
pay_test_287,58412,0,6,9,129143,0,4,network_error,0
pay_test_288,59932,1,16,6,120746,0,4,network_error,0
pay_test_289,95301,0,12,4,1790,0,4,insufficient_funds,0
pay_test_290,56034,2,2,8,16795,0,3,insufficient_funds,0
pay_test_291,54091,1,4,10,192178,1,2,network_error,1
pay_test_292,49979,3,2,10,174484,0,5,expired_card,0
pay_test_293,23892,4,12,8,34383,0,0,insufficient_funds,0
pay_test_294,61186,5,17,6,140443,1,1,card_declined,0
pay_test_295,45871,1,8,3,191060,0,0,network_error,1
pay_test_296,2550,1,6,1,27449,0,3,bank_error,0
pay_test_297,32577,5,1,6,116071,0,4,card_declined,0
pay_test_298,18867,4,9,3,192762,1,4,bank_error,0
pay_test_299,31551,2,4,10,137642,0,3,expired_card,0
pay_test_300,8489,4,18,2,165100,1,4,network_error,0
pay_test_301,45643,5,12,8,84554,1,3,card_declined,0
pay_test_302,49843,1,17,7,64168,0,2,card_declined,0
pay_test_303,8052,4,13,6,147089,0,3,card_declined,0
pay_test_304,27151,2,20,1,118908,1,0,bank_error,1
pay_test_305,7255,2,12,10,159589,0,0,card_declined,0
pay_test_306,95436,5,17,3,126670,0,2,expired_card,0
pay_test_307,28262,1,3,7,64594,0,3,card_declined,0
pay_test_308,42654,2,12,7,140893,1,2,expired_card,0
pay_test_309,67715,3,14,1,190376,1,2,card_declined,1
pay_test_310,41515,3,1,9,59005,0,0,expired_card,0
pay_test_311,77050,4,13,4,40953,0,2,card_declined,0
pay_test_312,75183,1,15,8,172601,1,2,network_error,1
pay_test_313,97440,3,14,2,193091,1,1,card_declined,1
pay_test_314,64504,1,17,10,16396,0,0,insufficient_funds,0
pay_test_315,54553,1,20,3,18817,0,0,card_declined,0
pay_test_316,60270,2,1,9,168176,1,5,network_error,0
pay_test_317,1366,4,17,6,4106,0,4,expired_card,0
pay_test_318,38076,0,16,10,113872,0,0,insufficient_funds,1
pay_test_319,20016,1,6,9,139007,1,2,expired_card,0
pay_test_320,10857,2,12,7,149111,0,5,card_declined,0
pay_test_321,90158,0,20,10,9305,0,3,network_error,0
pay_test_322,72943,3,1,10,3477,0,0,network_error,0
pay_test_323,85029,2,18,1,139453,0,1,card_declined,1
pay_test_324,62824,2,1,1,180418,1,4,bank_error,0
pay_test_325,24008,2,0,3,154887,0,5,network_error,0
pay_test_326,39726,1,18,3,149555,1,5,bank_error,1
pay_test_327,50811,5,4,1,132279,1,0,insufficient_funds,1
pay_test_328,30927,0,10,9,161921,1,2,insufficient_funds,1
pay_test_329,36325,3,15,3,94273,1,3,card_declined,1
pay_test_330,87095,3,2,9,78431,0,5,insufficient_funds,0
pay_test_331,35623,1,12,10,41442,1,2,expired_card,0
pay_test_332,12495,0,9,7,95350,1,0,card_declined,1
pay_test_333,25061,3,14,8,146421,1,0,insufficient_funds,1
pay_test_334,46888,4,2,9,157773,1,3,insufficient_funds,0
pay_test_335,54738,3,2,8,64633,0,5,network_error,0
pay_test_336,18698,2,9,4,130269,0,0,card_declined,0
pay_test_337,36670,3,9,7,21164,1,2,card_declined,0
pay_test_338,65485,4,19,3,121025,0,1,expired_card,0
pay_test_339,52364,2,19,6,87387,1,2,network_error,1
pay_test_340,78408,1,9,5,159128,0,3,expired_card,0
pay_test_341,52698,2,9,10,129714,0,2,network_error,0
pay_test_342,52002,2,3,9,53376,0,5,bank_error,0
pay_test_343,95817,3,6,7,77370,0,3,network_error,0
pay_test_344,83512,2,7,4,173664,0,5,network_error,0
pay_test_345,10194,3,19,7,153631,1,4,bank_error,0
pay_test_346,71756,0,11,8,156666,0,0,card_declined,0
pay_test_347,22302,5,19,0,148644,1,2,network_error,1
pay_test_348,1882,0,8,3,134870,0,3,expired_card,1
pay_test_349,61194,5,18,8,40516,1,0,network_error,0
pay_test_350,39222,3,2,1,192404,0,2,expired_card,0
pay_test_351,60181,1,16,7,92304,1,0,network_error,1
pay_test_352,42300,0,9,0,187326,0,0,expired_card,1
pay_test_353,14834,5,5,3,136264,0,4,card_declined,0
pay_test_354,73880,3,14,3,107180,0,1,network_error,1
pay_test_355,4326,5,19,3,118853,1,3,insufficient_funds,1
pay_test_356,27472,2,2,9,27673,0,2,expired_card,0
pay_test_357,60472,0,8,10,129315,1,4,network_error,1
pay_test_358,51951,4,3,5,93270,1,4,card_declined,0
pay_test_359,81041,4,2,10,36113,1,0,card_declined,0
pay_test_360,15828,1,11,2,134909,1,3,bank_error,1
pay_test_361,75840,3,13,2,128577,0,4,card_declined,0
pay_test_362,38358,1,5,5,119227,0,2,insufficient_funds,1
pay_test_363,18395,1,12,8,133497,1,3,network_error,1
pay_test_364,93579,3,15,2,22671,0,1,expired_card,0
pay_test_365,36525,1,17,4,45094,1,4,network_error,1
pay_test_366,67452,0,18,1,71225,1,4,insufficient_funds,1
pay_test_367,72111,1,13,1,193935,0,2,insufficient_funds,1
pay_test_368,34947,2,2,7,31772,0,1,bank_error,0
pay_test_369,93659,4,20,6,44511,0,1,card_declined,0
pay_test_370,75220,2,17,4,157462,0,2,expired_card,0
pay_test_371,75569,2,16,10,25962,0,3,insufficient_funds,0
pay_test_372,86469,1,4,3,39336,1,1,network_error,1
pay_test_373,19134,4,20,4,165577,1,3,network_error,0
pay_test_374,83550,0,12,8,197556,1,5,expired_card,0
pay_test_375,64468,2,18,0,193079,0,5,network_error,1
pay_test_376,87550,5,11,1,141096,1,1,network_error,1
pay_test_377,65343,2,10,4,89540,0,4,network_error,0
pay_test_378,89963,0,1,1,165149,1,0,insufficient_funds,1
pay_test_379,58340,3,0,6,54036,0,5,expired_card,0
pay_test_380,36416,0,20,5,66638,0,2,card_declined,0
pay_test_381,52449,5,9,3,113520,0,5,insufficient_funds,0
pay_test_382,28473,3,2,2,156629,0,4,network_error,0
pay_test_383,1556,5,10,1,111707,0,3,insufficient_funds,0
pay_test_384,50709,0,3,1,83143,1,2,card_declined,1
pay_test_385,99217,1,20,10,38448,0,4,bank_error,0
pay_test_386,80495,5,5,7,93061,0,5,card_declined,0
pay_test_387,81250,5,14,3,23724,0,1,insufficient_funds,0
pay_test_388,96183,3,11,6,83445,0,1,expired_card,1
pay_test_389,11542,1,17,9,158288,1,5,insufficient_funds,0
pay_test_390,27428,4,19,8,50452,1,2,insufficient_funds,0
pay_test_391,65365,3,3,3,131962,0,4,insufficient_funds,0
pay_test_392,41980,1,12,9,111326,1,4,card_declined,0
pay_test_393,10067,0,18,1,4615,1,1,insufficient_funds,1
pay_test_394,52663,4,9,10,187811,1,3,network_error,0
pay_test_395,84456,4,17,9,41024,1,0,expired_card,0
pay_test_396,67517,1,4,8,86655,1,4,insufficient_funds,0
pay_test_397,92076,3,7,0,65088,0,3,insufficient_funds,1
pay_test_398,80754,4,1,4,175608,0,0,insufficient_funds,0
pay_test_399,92446,0,5,7,91886,1,1,expired_card,0
pay_test_400,98774,2,3,0,88821,1,2,bank_error,0
pay_test_401,34965,5,18,10,21203,1,3,bank_error,0
pay_test_402,7766,3,18,2,97387,0,2,insufficient_funds,1
pay_test_403,88858,5,3,3,195191,0,0,insufficient_funds,0
pay_test_404,6526,3,11,6,40343,0,0,bank_error,0
pay_test_405,55467,1,10,3,110119,1,2,insufficient_funds,1
pay_test_406,49364,0,16,10,14807,0,1,bank_error,0
pay_test_407,53050,0,14,4,82447,1,0,bank_error,1
pay_test_408,1544,2,6,4,148798,1,5,bank_error,0
pay_test_409,61307,2,18,7,52228,0,1,insufficient_funds,0
pay_test_410,3633,1,17,5,167708,0,2,insufficient_funds,1
pay_test_411,97241,5,9,1,54790,0,3,network_error,0
pay_test_412,19161,5,8,1,12508,0,4,network_error,0
pay_test_413,60591,5,2,9,26054,0,5,network_error,0
pay_test_414,78080,4,1,6,174655,0,1,expired_card,0
pay_test_415,41788,3,10,5,119687,1,1,insufficient_funds,1
pay_test_416,18340,4,3,2,28697,0,3,network_error,0
pay_test_417,53782,0,17,5,55430,1,2,network_error,1
pay_test_418,16217,0,5,10,80748,0,1,expired_card,0
pay_test_419,12455,5,7,5,104873,0,5,expired_card,0
pay_test_420,23289,0,12,7,146739,0,0,network_error,0
pay_test_421,18822,0,0,0,59271,0,1,network_error,1
pay_test_422,90452,5,20,1,153652,1,0,insufficient_funds,1
pay_test_423,26419,5,14,2,25111,1,0,insufficient_funds,1
pay_test_424,7137,1,18,6,190905,1,3,insufficient_funds,1
pay_test_425,90050,3,5,5,57286,0,2,expired_card,0
pay_test_426,19981,0,19,9,162736,0,5,expired_card,0
pay_test_427,54500,4,15,0,23995,1,3,card_declined,0
pay_test_428,26643,5,16,3,166348,0,3,expired_card,0
pay_test_429,71871,3,11,9,132699,1,3,expired_card,0
pay_test_430,3916,2,19,3,8681,1,0,network_error,1
pay_test_431,47349,4,7,2,27249,0,5,card_declined,0
pay_test_432,70451,5,1,3,151914,1,2,card_declined,0
pay_test_433,31505,4,10,5,156074,0,5,expired_card,0
pay_test_434,74373,1,18,3,130034,1,1,network_error,1
pay_test_435,12330,0,7,9,58359,0,4,network_error,0
pay_test_436,43981,4,6,2,90327,0,2,insufficient_funds,0
pay_test_437,19860,4,4,1,138965,1,0,expired_card,0
pay_test_438,77310,0,10,4,85568,0,1,network_error,1
pay_test_439,64358,5,10,2,186383,1,1,bank_error,1
pay_test_440,50095,2,9,2,47585,0,5,bank_error,0
pay_test_441,74881,0,5,9,84418,0,5,bank_error,0
pay_test_442,65535,1,10,1,63389,1,2,card_declined,1
pay_test_443,12129,5,20,5,118081,0,2,card_declined,0
pay_test_444,91355,0,11,4,29320,0,0,network_error,1
pay_test_445,96521,3,5,6,130258,1,2,bank_error,1
pay_test_446,13794,3,18,10,199768,0,1,network_error,0
pay_test_447,4879,2,0,5,69453,0,0,expired_card,0
pay_test_448,49712,1,2,8,25406,1,4,bank_error,0
pay_test_449,92840,0,13,10,44253,1,1,insufficient_funds,1
pay_test_450,43897,1,6,6,183765,1,5,expired_card,0
pay_test_451,31635,0,1,6,150886,1,1,insufficient_funds,1
pay_test_452,1000,3,2,4,174544,1,1,insufficient_funds,0
pay_test_453,27625,1,20,4,22479,1,0,expired_card,0
pay_test_454,62227,3,8,1,169261,1,1,expired_card,1
pay_test_455,48918,1,14,0,70021,1,3,expired_card,1
pay_test_456,35700,4,1,2,198193,0,0,expired_card,0
pay_test_457,54762,4,7,8,16986,1,4,network_error,0
pay_test_458,90555,3,18,3,125849,1,0,network_error,1
pay_test_459,66311,4,16,9,178611,0,0,network_error,0
pay_test_460,22410,1,6,2,12187,1,0,network_error,1
pay_test_461,82711,1,19,4,84820,0,0,network_error,1
pay_test_462,52582,4,10,4,137233,1,0,bank_error,1
pay_test_463,68993,3,3,6,40227,0,4,bank_error,0
pay_test_464,99902,0,3,9,27474,1,4,expired_card,0
pay_test_465,35120,3,20,7,150952,1,0,card_declined,0
pay_test_466,53318,1,19,9,179471,1,0,network_error,1
pay_test_467,91007,1,1,7,71407,1,0,expired_card,0
pay_test_468,41256,2,15,10,26747,0,1,expired_card,0
pay_test_469,42556,2,13,9,170228,0,1,network_error,0
pay_test_470,53868,5,15,8,99018,0,4,card_declined,0
pay_test_471,41279,5,16,6,36559,0,1,card_declined,0
pay_test_472,8053,1,1,7,14253,1,5,card_declined,0
pay_test_473,48780,3,16,6,167568,0,5,insufficient_funds,0
pay_test_474,49319,3,19,7,47552,1,4,bank_error,0
pay_test_475,45621,1,8,1,75729,0,3,insufficient_funds,1
pay_test_476,75507,1,7,10,60011,0,2,network_error,0
pay_test_477,3128,5,0,7,35685,0,4,insufficient_funds,0
pay_test_478,33581,4,9,10,73188,1,3,expired_card,0
pay_test_479,33529,1,14,4,178522,1,4,insufficient_funds,1
pay_test_480,67545,5,11,8,170696,1,2,insufficient_funds,0
pay_test_481,8867,2,8,10,86232,1,2,expired_card,0
pay_test_482,20151,4,7,0,158295,1,5,expired_card,0
pay_test_483,95040,0,20,7,78490,1,3,network_error,1
pay_test_484,97064,0,18,9,50785,1,5,card_declined,1
pay_test_485,84165,3,11,8,79694,0,5,bank_error,0
pay_test_486,39006,0,15,2,195227,1,5,bank_error,1
pay_test_487,89591,2,20,1,59262,1,1,expired_card,1
pay_test_488,43926,2,8,9,78083,1,0,network_error,1
pay_test_489,83651,4,18,9,19668,1,1,bank_error,0
pay_test_490,89720,3,16,4,109293,0,1,card_declined,0
pay_test_491,45414,3,18,7,38545,1,5,card_declined,0
pay_test_492,64408,2,20,2,83159,0,0,network_error,1
pay_test_493,27944,1,18,2,129339,0,1,bank_error,1
pay_test_494,83532,3,12,6,126147,1,0,insufficient_funds,1
pay_test_495,26637,5,11,0,85466,0,0,insufficient_funds,1
pay_test_496,96654,1,7,5,82813,0,0,network_error,1
pay_test_497,77658,2,5,1,12984,1,2,network_error,1
pay_test_498,78667,4,10,6,181035,0,2,network_error,0
pay_test_499,98819,1,5,6,6013,0,1,card_declined,0
pay_test_500,96716,0,18,8,45298,0,2,insufficient_funds,0
pay_test_501,84428,2,17,9,13736,0,5,insufficient_funds,0
pay_test_502,3087,0,3,6,117474,1,0,bank_error,1
pay_test_503,62680,5,4,3,183240,0,2,network_error,0
pay_test_504,87332,4,8,9,159763,0,3,insufficient_funds,0
pay_test_505,94710,4,3,4,30887,0,3,card_declined,0
pay_test_506,26681,2,16,3,94827,1,2,card_declined,1
pay_test_507,72345,3,6,7,87665,0,0,insufficient_funds,0
pay_test_508,14974,4,15,2,24614,0,5,insufficient_funds,0
pay_test_509,84954,1,14,4,70238,1,0,insufficient_funds,1
pay_test_510,5670,2,11,10,82974,1,5,insufficient_funds,0
pay_test_511,99879,0,0,2,174894,0,2,expired_card,0
pay_test_512,82001,2,2,5,90842,0,0,network_error,0
pay_test_513,60339,2,12,7,111556,0,0,card_declined,0
pay_test_514,21392,0,13,9,127530,1,1,bank_error,1
pay_test_515,47502,4,0,10,191651,0,3,network_error,0
pay_test_516,54407,3,1,1,69580,1,0,bank_error,1
pay_test_517,95366,4,7,10,89683,0,3,card_declined,0
pay_test_518,45818,5,20,6,39968,0,0,card_declined,0
pay_test_519,62010,3,5,1,197982,1,2,card_declined,1
pay_test_520,36958,0,16,3,145309,1,3,card_declined,1
pay_test_521,60674,3,18,7,24073,1,3,expired_card,0
pay_test_522,65691,5,20,0,27907,1,3,insufficient_funds,1
pay_test_523,72471,0,2,9,163284,1,4,bank_error,0
pay_test_524,86299,5,14,5,96248,0,1,network_error,0
pay_test_525,73920,4,19,7,188867,1,5,network_error,0
pay_test_526,13271,5,7,0,90484,1,5,expired_card,0
pay_test_527,68917,2,3,0,44032,1,1,network_error,0
pay_test_528,33830,4,6,3,32652,1,1,network_error,0
pay_test_529,94450,2,3,6,13189,0,3,network_error,0
pay_test_530,66586,1,15,0,140031,0,4,network_error,1
pay_test_531,63798,4,5,9,46521,0,0,network_error,0
pay_test_532,79950,2,16,6,110750,0,2,network_error,1
pay_test_533,39057,3,4,2,109198,1,5,bank_error,1
pay_test_534,93806,5,17,10,57975,0,1,bank_error,0
pay_test_535,90495,2,4,10,47612,1,5,insufficient_funds,0
pay_test_536,74199,3,18,9,175891,1,5,bank_error,0
pay_test_537,55863,0,16,1,7624,1,1,insufficient_funds,1
pay_test_538,26701,2,5,4,180146,1,1,insufficient_funds,1
pay_test_539,27238,4,1,5,119644,0,4,bank_error,0
pay_test_540,97809,5,17,6,63284,1,5,insufficient_funds,0
pay_test_541,51297,3,10,8,15103,0,5,expired_card,0
pay_test_542,81838,3,7,10,185714,1,4,bank_error,0
pay_test_543,26251,5,6,4,118654,0,5,insufficient_funds,0
pay_test_544,23279,5,16,1,99880,0,3,expired_card,0
pay_test_545,35134,1,5,9,67850,0,2,network_error,0
pay_test_546,5735,1,10,9,14331,1,3,bank_error,0
pay_test_547,47434,0,10,8,58661,0,4,insufficient_funds,0
pay_test_548,21389,3,17,8,106753,0,2,card_declined,0
pay_test_549,87444,2,10,5,77958,0,4,bank_error,0
pay_test_550,74075,5,0,1,176358,1,3,card_declined,0
pay_test_551,80939,4,7,0,179926,1,3,insufficient_funds,1
pay_test_552,34131,4,9,0,136493,1,4,bank_error,0
pay_test_553,64306,0,9,10,51465,1,4,insufficient_funds,1
pay_test_554,22440,4,17,0,165346,0,1,card_declined,0
pay_test_555,14121,1,17,6,170492,0,5,card_declined,0
pay_test_556,60691,5,10,0,23943,0,0,card_declined,0
pay_test_557,73649,0,18,3,68803,1,3,network_error,1
pay_test_558,53511,3,10,0,103105,0,4,insufficient_funds,1
pay_test_559,94909,4,2,9,12931,0,2,bank_error,0
pay_test_560,38489,5,9,9,23676,1,3,network_error,0
pay_test_561,87102,0,15,2,140845,0,1,network_error,1
pay_test_562,39163,5,4,4,178547,1,0,bank_error,0
pay_test_563,19030,0,1,0,151134,1,4,bank_error,0
pay_test_564,40436,1,11,3,109174,0,1,card_declined,0
pay_test_565,81356,2,6,1,48541,0,4,network_error,0
pay_test_566,72545,0,9,10,18658,1,0,card_declined,1
pay_test_567,64357,2,11,2,176976,0,0,expired_card,1
pay_test_568,9649,1,10,7,119134,1,4,expired_card,0
pay_test_569,20474,4,18,5,83924,1,1,insufficient_funds,1
pay_test_570,32766,1,20,6,73529,1,1,expired_card,1
pay_test_571,61166,3,11,4,128656,0,1,bank_error,0
pay_test_572,37280,1,17,3,70005,0,5,insufficient_funds,0
pay_test_573,66976,5,0,9,152755,1,4,card_declined,0
pay_test_574,72798,2,17,8,124759,0,2,network_error,0
pay_test_575,77780,5,9,2,122818,0,3,expired_card,0
pay_test_576,1888,5,7,9,180348,0,4,card_declined,0
pay_test_577,21369,1,18,9,173861,0,5,network_error,0
pay_test_578,5797,1,15,3,17478,1,2,card_declined,0
pay_test_579,88132,1,16,5,102736,1,3,insufficient_funds,1
pay_test_580,85503,2,3,8,167085,1,5,expired_card,0
pay_test_581,71849,4,5,6,172357,1,2,bank_error,0
pay_test_582,10702,4,8,6,59431,1,2,expired_card,0
pay_test_583,63691,4,0,8,37429,1,1,card_declined,0
pay_test_584,67941,5,8,3,40384,0,1,expired_card,0
pay_test_585,94518,0,7,6,87566,0,3,network_error,1
pay_test_586,28117,4,5,10,108714,0,1,insufficient_funds,0
pay_test_587,75668,4,5,2,166030,0,4,card_declined,0
pay_test_588,22302,2,5,8,107287,0,5,expired_card,0
pay_test_589,28889,3,19,7,127266,0,1,network_error,0
pay_test_590,19205,4,5,9,173922,1,1,expired_card,0
pay_test_591,78688,4,2,3,100145,1,1,insufficient_funds,0
pay_test_592,27022,4,16,10,111046,0,4,insufficient_funds,0
pay_test_593,62873,4,19,0,140311,0,0,network_error,0
pay_test_594,79598,4,0,10,171192,1,4,network_error,0
pay_test_595,6193,5,16,6,61158,1,3,expired_card,0
pay_test_596,97675,5,18,1,112539,0,2,network_error,0
pay_test_597,11486,2,19,8,108124,1,1,insufficient_funds,1
pay_test_598,76257,4,3,8,2885,1,5,card_declined,0
pay_test_599,54088,2,3,2,112692,1,2,bank_error,1
pay_test_600,74512,2,19,4,179416,1,1,network_error,1
pay_test_601,73580,3,5,5,147563,1,2,expired_card,1
pay_test_602,45635,5,12,2,173827,0,5,card_declined,0
pay_test_603,92160,1,3,3,134259,1,2,bank_error,0
pay_test_604,91864,5,1,2,103001,0,0,card_declined,0
pay_test_605,79175,3,2,1,69967,0,2,insufficient_funds,1
pay_test_606,5448,5,12,6,161947,1,5,bank_error,0
pay_test_607,23473,5,15,7,3807,0,5,bank_error,0
pay_test_608,26025,0,19,8,136217,0,4,card_declined,0
pay_test_609,47651,1,20,0,42273,0,2,network_error,1
pay_test_610,88273,3,12,9,53510,0,5,insufficient_funds,0
pay_test_611,72536,2,17,9,92251,1,2,card_declined,1
pay_test_612,25996,3,12,9,2219,1,1,network_error,1
pay_test_613,14454,4,2,8,78136,1,0,bank_error,0
pay_test_614,71004,4,8,7,99849,1,1,expired_card,0
pay_test_615,89837,3,18,0,127345,0,2,insufficient_funds,1
pay_test_616,83555,1,7,5,109114,1,4,bank_error,0
pay_test_617,92357,2,7,4,25381,1,5,expired_card,0
pay_test_618,73186,1,15,5,93677,0,4,expired_card,0
pay_test_619,98300,5,6,7,194229,0,1,card_declined,0
pay_test_620,27602,1,6,3,163161,1,1,insufficient_funds,1
pay_test_621,10787,5,15,9,2736,0,3,expired_card,0
pay_test_622,41842,3,18,4,129661,0,4,expired_card,0
pay_test_623,29610,4,4,0,138818,1,3,bank_error,0
pay_test_624,66360,2,12,10,46822,1,0,bank_error,0
pay_test_625,41873,5,0,0,177712,0,3,bank_error,0
pay_test_626,43155,2,19,4,50060,1,1,expired_card,1
pay_test_627,80858,2,11,2,131749,1,1,network_error,1
pay_test_628,48351,3,8,7,48156,0,4,card_declined,0
pay_test_629,94978,2,7,8,114303,1,1,card_declined,0
pay_test_630,62495,0,5,6,131966,0,5,bank_error,0
pay_test_631,94945,2,15,4,66791,0,3,insufficient_funds,1
pay_test_632,8369,1,8,7,166114,0,3,expired_card,0
pay_test_633,47812,2,17,8,68558,1,0,network_error,1
pay_test_634,46518,5,19,3,152218,0,2,expired_card,0
pay_test_635,88736,4,15,7,21554,1,4,expired_card,0
pay_test_636,83299,1,5,10,89444,1,5,bank_error,0
pay_test_637,53554,0,2,2,91079,0,2,expired_card,1
pay_test_638,38688,5,8,9,169989,1,2,network_error,0
pay_test_639,98528,4,16,7,109524,0,1,insufficient_funds,0
pay_test_640,95890,1,8,1,56200,0,3,insufficient_funds,1
pay_test_641,8861,3,17,0,7911,1,4,insufficient_funds,1
pay_test_642,34900,4,4,1,172660,1,2,card_declined,0
pay_test_643,97177,2,14,10,34138,0,4,card_declined,0
pay_test_644,5107,5,11,5,125821,1,4,expired_card,0
pay_test_645,58806,1,17,2,155882,1,5,bank_error,1
pay_test_646,69110,5,20,8,82175,1,3,bank_error,0
pay_test_647,12238,3,9,5,109056,1,1,expired_card,1
pay_test_648,512,4,4,5,76173,1,4,insufficient_funds,0
pay_test_649,99521,3,9,0,113836,1,4,card_declined,1
pay_test_650,72355,2,6,6,147945,1,3,card_declined,0
pay_test_651,94208,5,20,6,100184,0,2,insufficient_funds,0
pay_test_652,82462,1,16,9,182908,1,2,bank_error,0
pay_test_653,54620,1,2,2,36815,1,0,network_error,1
pay_test_654,59845,2,19,7,50227,1,0,card_declined,0
pay_test_655,70619,0,5,1,74954,1,1,network_error,1
pay_test_656,31014,0,4,0,130388,0,2,network_error,1
pay_test_657,65825,2,14,0,87572,0,1,insufficient_funds,1
pay_test_658,51935,0,17,7,48606,0,2,network_error,0
pay_test_659,16485,5,7,6,117119,0,5,insufficient_funds,0
pay_test_660,60902,5,3,8,175589,0,3,network_error,0
pay_test_661,42844,1,20,0,196225,0,2,network_error,1
pay_test_662,39666,1,11,0,175770,0,0,card_declined,1
pay_test_663,57406,2,0,2,73377,0,3,card_declined,0
pay_test_664,6004,4,15,9,41630,1,0,card_declined,0
pay_test_665,66025,0,19,5,164874,0,0,expired_card,1
pay_test_666,20674,5,17,1,33984,1,1,expired_card,0
pay_test_667,84995,2,14,3,6597,1,2,card_declined,0
pay_test_668,5675,3,14,8,78257,1,1,bank_error,0
pay_test_669,71753,2,10,7,73174,0,0,bank_error,0
pay_test_670,59401,2,8,8,97236,1,0,bank_error,1
pay_test_671,96661,1,0,9,96440,0,2,insufficient_funds,0
pay_test_672,51289,1,16,10,131429,0,4,expired_card,0
pay_test_673,54213,5,10,1,26233,0,0,card_declined,0
pay_test_674,4599,1,3,7,51231,0,0,bank_error,0
pay_test_675,51434,5,15,8,164570,1,0,expired_card,0
pay_test_676,79923,5,2,0,55719,1,0,network_error,1
pay_test_677,8456,2,17,6,97749,0,4,expired_card,0
pay_test_678,5828,5,2,4,21430,0,4,insufficient_funds,0
pay_test_679,95549,1,17,6,50665,0,4,card_declined,0
pay_test_680,82462,1,17,8,109838,0,5,bank_error,0
pay_test_681,88907,3,13,1,44728,0,4,network_error,0
pay_test_682,44738,5,5,8,158264,1,2,expired_card,0
pay_test_683,43053,2,13,10,113876,1,4,card_declined,0
pay_test_684,72016,1,12,8,196186,1,2,network_error,1
pay_test_685,52547,0,1,4,157175,0,4,card_declined,0
pay_test_686,1360,2,7,3,83550,0,5,expired_card,0
pay_test_687,67513,4,18,9,41557,0,0,network_error,0
pay_test_688,20961,1,8,5,153608,0,1,expired_card,0
pay_test_689,12546,4,12,9,57999,0,5,expired_card,0
pay_test_690,23162,3,18,1,157036,1,0,bank_error,1
pay_test_691,10786,0,10,5,114850,1,0,card_declined,1
pay_test_692,79444,0,20,10,101266,0,2,bank_error,0
pay_test_693,42353,4,18,2,86676,0,1,insufficient_funds,1
pay_test_694,58907,4,18,8,24614,0,3,expired_card,0
pay_test_695,19900,1,10,1,125742,0,4,network_error,1
pay_test_696,11651,3,16,6,183942,0,1,network_error,1
pay_test_697,26466,3,12,10,150770,0,4,bank_error,0
pay_test_698,32775,1,2,4,113739,1,5,bank_error,0
pay_test_699,15249,5,13,6,96752,1,1,expired_card,0
pay_test_700,78340,5,0,4,45369,1,4,network_error,0
pay_test_701,19612,3,1,3,53346,1,1,insufficient_funds,0
pay_test_702,97438,0,7,9,39712,1,0,expired_card,0
pay_test_703,40492,3,15,0,87999,0,5,bank_error,0
pay_test_704,27212,4,16,4,144864,1,4,card_declined,0
pay_test_705,49862,4,16,0,67966,0,0,expired_card,0
pay_test_706,91795,4,8,0,122886,0,0,network_error,0
pay_test_707,87398,5,11,1,6001,1,5,network_error,0
pay_test_708,50399,4,3,5,128051,0,1,card_declined,0
pay_test_709,60529,4,0,0,65852,1,2,network_error,0
pay_test_710,98068,1,0,5,180388,1,2,expired_card,0
pay_test_711,66200,2,1,10,68549,1,0,bank_error,0
pay_test_712,30067,1,10,6,173210,0,0,network_error,1
pay_test_713,89366,4,20,10,60618,1,1,bank_error,0
pay_test_714,56397,2,19,5,118747,0,1,card_declined,0
pay_test_715,71456,5,6,2,82002,0,3,card_declined,0
pay_test_716,74535,1,10,1,147103,0,1,expired_card,0
pay_test_717,95799,0,10,6,108807,1,3,expired_card,1
pay_test_718,25132,0,4,2,7867,1,4,bank_error,1
pay_test_719,30766,4,7,3,181191,0,2,insufficient_funds,0
pay_test_720,18075,4,19,7,187651,1,1,network_error,0
pay_test_721,62608,1,5,3,60316,0,3,insufficient_funds,0
pay_test_722,54638,1,6,3,18337,0,3,bank_error,0
pay_test_723,90659,2,14,3,113081,1,0,bank_error,1
pay_test_724,94898,2,12,9,195633,0,4,insufficient_funds,0
pay_test_725,60386,0,7,8,141999,1,5,insufficient_funds,1
pay_test_726,51277,4,20,0,50768,1,3,network_error,1
pay_test_727,37975,3,5,6,78180,0,5,bank_error,0
pay_test_728,61262,5,14,1,190437,0,1,bank_error,0
pay_test_729,18234,3,13,5,119197,0,1,network_error,1
pay_test_730,93906,1,14,1,66557,1,5,card_declined,1
pay_test_731,12452,0,14,10,96143,0,4,network_error,0
pay_test_732,80725,1,12,8,100773,0,1,expired_card,0
pay_test_733,86945,1,5,2,47888,0,3,expired_card,0
pay_test_734,96203,3,9,10,48368,0,1,card_declined,0
pay_test_735,82100,2,0,7,131450,1,4,insufficient_funds,0
pay_test_736,65179,1,6,9,173876,1,3,network_error,1
pay_test_737,10907,4,19,0,65150,1,4,bank_error,0
pay_test_738,6911,1,4,0,172252,1,0,card_declined,1
pay_test_739,87924,4,19,4,87798,0,0,insufficient_funds,0
pay_test_740,23863,1,9,9,174257,0,3,bank_error,0
pay_test_741,5197,0,9,5,97618,1,0,network_error,1
pay_test_742,9009,2,15,2,32987,1,2,bank_error,1
pay_test_743,69266,1,6,9,16252,0,4,bank_error,0
pay_test_744,63894,5,19,4,112949,1,2,bank_error,1
pay_test_745,82189,2,4,9,148491,1,4,network_error,0
pay_test_746,24080,4,7,4,51739,0,0,insufficient_funds,0
pay_test_747,82480,0,6,9,109693,1,0,expired_card,1
pay_test_748,73954,5,6,0,168934,0,5,expired_card,0
pay_test_749,9391,2,9,8,145177,1,0,insufficient_funds,1
pay_test_750,45242,3,18,9,8632,0,1,expired_card,0
pay_test_751,88642,3,15,0,170253,0,3,card_declined,1
pay_test_752,60874,4,10,7,109515,0,4,expired_card,0
pay_test_753,95522,5,10,8,141479,0,1,bank_error,0
pay_test_754,46846,0,4,4,9171,1,3,bank_error,1
pay_test_755,75339,4,12,2,157025,0,2,expired_card,0
pay_test_756,36085,3,2,7,63296,1,3,expired_card,0
pay_test_757,69325,2,5,1,99098,0,1,insufficient_funds,1
pay_test_758,66821,0,15,8,41390,0,2,network_error,0
pay_test_759,41179,2,4,1,136304,0,1,insufficient_funds,1
pay_test_760,51301,5,16,1,2077,1,0,bank_error,0
pay_test_761,44184,3,1,1,137466,1,0,bank_error,1
pay_test_762,84235,1,10,3,51474,1,2,bank_error,1
pay_test_763,58317,5,3,4,40143,0,2,insufficient_funds,0
pay_test_764,82150,4,16,1,55153,1,4,expired_card,0
pay_test_765,19054,5,9,9,65179,0,0,expired_card,0
pay_test_766,44899,4,14,0,35098,0,3,insufficient_funds,0
pay_test_767,50779,0,2,6,103738,0,5,bank_error,0
pay_test_768,83005,5,14,9,94224,1,2,card_declined,0
pay_test_769,10795,3,18,2,25357,1,0,network_error,1
pay_test_770,90215,5,14,7,61737,0,1,bank_error,0
pay_test_771,48138,3,5,10,87593,1,3,network_error,0
pay_test_772,9067,3,3,5,126475,1,1,expired_card,0
pay_test_773,79725,4,4,8,27983,1,5,insufficient_funds,0
pay_test_774,73395,5,2,4,140656,1,3,bank_error,0
pay_test_775,31770,4,7,8,42686,1,3,insufficient_funds,0
pay_test_776,27794,5,18,6,115125,1,4,card_declined,0
pay_test_777,87349,5,2,9,128567,0,4,bank_error,0
pay_test_778,43147,4,3,7,47182,1,3,insufficient_funds,0
pay_test_779,14753,5,19,6,86828,1,5,insufficient_funds,0
pay_test_780,29022,1,18,10,1048,0,5,card_declined,0
pay_test_781,70132,2,12,9,152501,1,1,card_declined,0
pay_test_782,39786,4,9,6,189164,1,0,bank_error,0
pay_test_783,80649,4,12,2,78118,0,2,bank_error,0
pay_test_784,610,5,17,5,29756,1,0,card_declined,0
pay_test_785,92541,4,12,10,84395,1,3,network_error,0
pay_test_786,71949,1,5,7,37456,0,4,network_error,0
pay_test_787,55187,1,9,10,33911,0,0,insufficient_funds,0
pay_test_788,2558,1,15,10,115487,0,0,card_declined,0
pay_test_789,55007,3,19,6,164380,0,3,bank_error,0
pay_test_790,72858,3,12,5,60176,0,3,bank_error,0
pay_test_791,76251,3,7,8,71582,1,4,bank_error,0
pay_test_792,4885,0,18,7,185780,1,0,bank_error,1
pay_test_793,91004,0,4,8,197760,1,3,bank_error,0
pay_test_794,69097,4,2,3,124850,0,5,bank_error,0
pay_test_795,41459,4,1,5,141255,0,3,network_error,0
pay_test_796,62003,4,10,6,93514,1,2,card_declined,0
pay_test_797,91601,4,9,9,69273,0,5,network_error,0
pay_test_798,22661,4,1,10,77481,0,2,network_error,0
pay_test_799,17122,4,2,4,67073,0,4,expired_card,0
pay_test_800,34179,0,3,9,46773,0,5,network_error,0
pay_test_801,23489,2,7,7,48398,0,2,insufficient_funds,0
pay_test_802,78559,1,15,6,101444,0,5,network_error,1
pay_test_803,22426,1,18,5,15241,1,0,insufficient_funds,1
pay_test_804,61319,3,15,4,125850,0,3,network_error,1
pay_test_805,34922,1,16,6,4109,1,3,network_error,1
pay_test_806,70001,5,1,1,140275,1,3,bank_error,0
pay_test_807,36228,2,8,4,26762,1,5,bank_error,0
pay_test_808,60938,5,7,10,155330,0,4,expired_card,0
pay_test_809,41560,4,0,10,3221,0,0,network_error,0
pay_test_810,69347,0,14,5,58518,1,2,card_declined,1
pay_test_811,3606,4,2,0,156749,0,4,insufficient_funds,0
pay_test_812,11822,4,4,6,173069,0,0,card_declined,0
pay_test_813,39109,3,2,10,119867,1,3,expired_card,0
pay_test_814,21729,0,8,0,101348,1,2,insufficient_funds,1
pay_test_815,35190,1,14,1,129901,0,4,network_error,1
pay_test_816,85104,3,3,2,142723,1,1,bank_error,1
pay_test_817,14426,3,8,1,10138,0,0,bank_error,0
pay_test_818,58942,0,15,2,172144,0,0,network_error,1
pay_test_819,20371,5,10,6,151638,0,4,network_error,0
pay_test_820,57654,3,2,8,60204,0,3,network_error,0
pay_test_821,74849,4,11,5,179739,1,3,insufficient_funds,1
pay_test_822,85313,0,11,8,90145,0,3,expired_card,1
pay_test_823,27123,1,17,0,101706,0,2,network_error,1
pay_test_824,83156,5,11,7,23246,1,5,card_declined,0
pay_test_825,5179,1,0,9,63517,1,3,insufficient_funds,0
pay_test_826,84832,2,15,8,118783,0,0,expired_card,0
pay_test_827,44765,5,1,6,31982,0,5,bank_error,0
pay_test_828,89377,4,4,9,62075,0,0,card_declined,0
pay_test_829,86199,0,15,9,13006,0,5,card_declined,0
pay_test_830,23077,5,1,4,26504,1,4,card_declined,0
pay_test_831,8883,0,3,7,156969,0,0,card_declined,0
pay_test_832,44716,5,12,5,32667,0,2,card_declined,0
pay_test_833,78236,1,10,1,32652,1,1,network_error,1
pay_test_834,91764,2,17,2,115992,0,4,insufficient_funds,0
pay_test_835,13602,5,19,6,42354,0,3,insufficient_funds,0
pay_test_836,1446,1,2,10,156642,1,3,network_error,0
pay_test_837,27521,1,20,4,138124,1,3,card_declined,1
pay_test_838,80524,5,1,9,48186,1,4,insufficient_funds,0
pay_test_839,39978,2,13,0,147200,0,1,insufficient_funds,1
pay_test_840,13041,4,11,8,134048,0,3,card_declined,0
pay_test_841,7455,1,3,2,180632,1,3,card_declined,0
pay_test_842,88336,0,1,10,96471,1,1,network_error,0
pay_test_843,44316,4,14,0,28373,0,4,card_declined,0
pay_test_844,4309,3,16,1,19575,0,5,network_error,0
pay_test_845,76490,2,13,3,196844,1,1,insufficient_funds,1
pay_test_846,30355,0,7,6,53417,1,1,insufficient_funds,1
pay_test_847,77189,3,1,6,38995,0,4,network_error,0
pay_test_848,51268,2,4,7,189696,0,5,expired_card,0
pay_test_849,27004,2,4,0,182458,0,2,card_declined,0
pay_test_850,61518,3,13,2,91066,0,2,bank_error,1
pay_test_851,84123,4,5,9,145901,0,0,network_error,0
pay_test_852,64622,1,18,7,122310,1,0,network_error,1
pay_test_853,32983,2,13,9,59302,0,4,insufficient_funds,0
pay_test_854,6296,0,15,8,9813,1,4,network_error,1
pay_test_855,91811,0,14,7,64048,0,4,insufficient_funds,0
pay_test_856,29074,1,11,4,63668,0,0,network_error,1
pay_test_857,21707,5,14,9,196896,0,3,network_error,0
pay_test_858,92661,3,5,5,165314,1,5,insufficient_funds,1
pay_test_859,9766,3,10,8,9575,1,3,expired_card,0
pay_test_860,71598,4,6,10,22222,1,5,insufficient_funds,0
pay_test_861,88928,2,1,1,101389,1,3,bank_error,0
pay_test_862,48416,2,5,10,147483,0,4,card_declined,0
pay_test_863,44399,1,17,1,171141,1,5,bank_error,1
pay_test_864,99219,5,7,5,93461,1,4,network_error,0
pay_test_865,7638,0,11,5,119596,1,4,bank_error,1
pay_test_866,62125,5,17,10,140684,1,3,bank_error,0
pay_test_867,88751,5,2,3,121028,0,0,network_error,0
pay_test_868,38297,0,3,2,73336,0,5,card_declined,0
pay_test_869,20226,1,16,10,6948,1,3,bank_error,0
pay_test_870,62615,2,13,7,194386,0,2,card_declined,0
pay_test_871,3388,1,16,10,89048,1,4,expired_card,0
pay_test_872,85179,2,15,9,175549,1,3,expired_card,1
pay_test_873,17795,2,5,4,60449,1,2,expired_card,0
pay_test_874,19943,2,9,7,44611,0,5,bank_error,0
pay_test_875,24391,1,4,2,63365,0,0,expired_card,1
pay_test_876,17077,3,8,5,49364,0,4,insufficient_funds,0
pay_test_877,45568,1,11,7,142522,0,4,expired_card,0
pay_test_878,3766,3,15,2,121072,1,1,insufficient_funds,1
pay_test_879,67007,2,20,4,125232,1,4,card_declined,1
pay_test_880,95991,3,10,1,192795,1,0,card_declined,1
pay_test_881,15819,2,0,6,162879,0,3,expired_card,0
pay_test_882,43277,0,19,10,52157,0,2,card_declined,0
pay_test_883,11456,4,14,10,177044,0,4,network_error,0
pay_test_884,64786,2,19,9,135101,0,5,expired_card,0
pay_test_885,19891,5,13,5,102217,1,0,expired_card,0
pay_test_886,46552,2,14,8,23963,0,5,network_error,0
pay_test_887,58499,2,5,6,191999,1,1,bank_error,1
pay_test_888,11782,1,6,4,125416,1,0,bank_error,1
pay_test_889,12093,0,13,10,72651,1,1,bank_error,1
pay_test_890,93593,4,4,3,49760,1,2,bank_error,0
pay_test_891,6035,2,18,4,130525,1,1,insufficient_funds,1
pay_test_892,20688,2,9,10,167870,1,0,expired_card,0
pay_test_893,24010,3,20,3,8456,0,2,network_error,0
pay_test_894,78997,5,11,9,126956,1,2,network_error,0
pay_test_895,49416,4,18,0,69036,0,4,insufficient_funds,0
pay_test_896,42401,3,4,5,43810,0,2,expired_card,0
pay_test_897,83894,2,1,4,77457,0,4,card_declined,0
pay_test_898,24518,0,19,2,143530,1,2,expired_card,1
pay_test_899,90342,5,11,1,141095,1,1,insufficient_funds,1
pay_test_900,68417,2,11,7,109001,1,1,insufficient_funds,1
pay_test_901,20757,4,7,3,147448,0,3,network_error,0
pay_test_902,15778,1,0,7,92281,1,5,expired_card,0
pay_test_903,58425,4,16,5,46143,1,0,insufficient_funds,0
pay_test_904,17370,5,4,3,81590,0,1,card_declined,0
pay_test_905,56180,5,3,1,5929,1,3,insufficient_funds,0
pay_test_906,14631,0,16,9,16536,1,0,expired_card,0
pay_test_907,9183,2,0,1,33451,0,4,card_declined,0
pay_test_908,88396,2,0,1,39156,1,4,expired_card,0
pay_test_909,21544,4,19,3,133358,0,0,bank_error,0
pay_test_910,69815,1,6,4,46029,0,5,insufficient_funds,0
pay_test_911,66585,5,15,5,184011,0,3,insufficient_funds,0
pay_test_912,47007,3,13,3,135807,0,3,insufficient_funds,1
pay_test_913,16702,3,3,8,36628,1,2,expired_card,0
pay_test_914,95151,0,2,5,130423,0,3,expired_card,0
pay_test_915,79194,5,9,10,117380,0,4,network_error,0
pay_test_916,56593,1,2,7,179030,1,1,insufficient_funds,0
pay_test_917,88592,0,12,7,138012,0,0,card_declined,0
pay_test_918,53010,5,18,1,195361,0,0,expired_card,0
pay_test_919,44885,1,19,6,33181,0,3,network_error,0
pay_test_920,94019,4,18,4,199260,1,2,network_error,1
pay_test_921,53511,3,16,4,39633,1,0,insufficient_funds,1
pay_test_922,64638,3,7,10,36286,0,0,insufficient_funds,0
pay_test_923,65791,5,0,2,101304,1,1,expired_card,0
pay_test_924,82188,0,2,10,198029,1,3,card_declined,0
pay_test_925,87281,3,15,8,69593,1,4,bank_error,0
pay_test_926,4641,3,3,6,118995,1,3,network_error,1
pay_test_927,5216,0,5,8,173860,1,5,card_declined,0
pay_test_928,56950,1,9,6,128783,0,4,network_error,0
pay_test_929,90333,4,18,7,125757,0,4,insufficient_funds,0
pay_test_930,35023,3,18,6,162727,1,2,expired_card,1
pay_test_931,4189,4,1,2,97052,1,5,bank_error,0
pay_test_932,82440,2,12,1,113236,1,2,network_error,1
pay_test_933,7898,5,7,3,62504,1,4,insufficient_funds,0
pay_test_934,40465,0,10,2,6167,1,0,network_error,1
pay_test_935,74955,4,13,4,6348,1,4,insufficient_funds,0
pay_test_936,50010,4,12,5,151087,0,3,insufficient_funds,0
pay_test_937,44535,3,16,10,90008,0,4,expired_card,0
pay_test_938,57646,1,15,10,20744,0,2,expired_card,0
pay_test_939,39470,4,12,3,164727,0,5,bank_error,0
pay_test_940,78076,2,8,1,149485,1,3,card_declined,1
pay_test_941,10548,5,9,8,79619,1,5,bank_error,0
pay_test_942,26724,3,12,4,164830,1,5,bank_error,0
pay_test_943,2938,5,16,2,152216,1,1,network_error,1
pay_test_944,84114,4,19,6,149404,0,4,card_declined,0
pay_test_945,61119,1,7,2,196673,1,3,network_error,1
pay_test_946,8944,5,6,6,70975,1,5,card_declined,0
pay_test_947,90527,4,7,6,63516,0,1,card_declined,0
pay_test_948,32689,2,14,7,147754,1,3,insufficient_funds,1
pay_test_949,21387,2,4,0,68737,1,5,bank_error,1
pay_test_950,84948,0,15,0,15503,0,2,bank_error,1
pay_test_951,8833,3,11,10,173341,0,3,card_declined,0
pay_test_952,15171,4,16,1,137828,1,3,insufficient_funds,1
pay_test_953,79119,0,10,5,154177,1,5,card_declined,1
pay_test_954,29074,1,3,2,57127,1,3,network_error,1
pay_test_955,77764,0,15,8,99226,0,2,bank_error,0
pay_test_956,62740,5,7,4,38987,1,3,expired_card,0
pay_test_957,3262,5,19,0,194842,0,5,card_declined,0
pay_test_958,72947,3,9,10,184662,1,5,insufficient_funds,1
pay_test_959,31483,3,12,0,104016,1,2,insufficient_funds,1
pay_test_960,39483,1,5,7,166505,1,5,network_error,0
pay_test_961,36418,0,15,7,194184,1,2,network_error,1
pay_test_962,21516,5,8,8,18397,1,3,bank_error,0
pay_test_963,97203,2,14,0,14657,0,5,network_error,1
pay_test_964,18337,0,12,3,165704,1,2,bank_error,1
pay_test_965,15026,1,7,8,188056,0,4,network_error,0
pay_test_966,59677,3,4,4,46476,1,2,card_declined,0
pay_test_967,54828,2,5,6,99912,0,0,insufficient_funds,1
pay_test_968,85317,4,20,3,24324,1,1,expired_card,0
pay_test_969,7025,3,19,6,158389,1,1,insufficient_funds,1
pay_test_970,22798,4,3,0,189372,1,3,network_error,0
pay_test_971,29923,5,6,3,70783,1,5,network_error,0
pay_test_972,17565,3,6,9,57509,1,5,card_declined,0
pay_test_973,24141,3,4,0,77072,1,1,bank_error,1
pay_test_974,33047,2,18,10,170668,1,0,insufficient_funds,1
pay_test_975,17959,2,12,10,56631,1,5,network_error,1
pay_test_976,34084,0,3,8,16401,0,2,card_declined,0
pay_test_977,46939,4,19,0,2405,1,4,bank_error,0
pay_test_978,40150,3,11,2,147685,0,4,card_declined,0
pay_test_979,22764,4,15,5,123705,0,0,expired_card,0
pay_test_980,57244,1,8,1,83121,0,1,network_error,1
pay_test_981,98518,2,13,4,70000,1,4,expired_card,0
pay_test_982,22124,2,15,2,146666,1,0,card_declined,1
pay_test_983,7652,1,5,0,124272,1,1,network_error,1
pay_test_984,15707,3,1,7,94459,1,3,network_error,0
pay_test_985,94840,1,3,5,25530,0,2,card_declined,0
pay_test_986,98795,4,8,9,174837,0,4,insufficient_funds,0
pay_test_987,75314,1,13,1,65528,1,5,insufficient_funds,1
pay_test_988,3902,2,3,6,98926,0,2,card_declined,0
pay_test_989,11125,3,15,7,165719,1,4,insufficient_funds,0
pay_test_990,6247,5,19,7,86174,0,1,insufficient_funds,0
pay_test_991,37587,2,1,1,144433,1,0,network_error,1
pay_test_992,23832,1,12,1,6377,0,1,network_error,1
pay_test_993,37847,5,20,2,32615,1,3,network_error,1
pay_test_994,90279,4,4,5,175462,0,2,bank_error,0
pay_test_995,64675,3,12,7,71380,1,0,network_error,1
pay_test_996,80960,1,13,10,112677,0,0,bank_error,0
pay_test_997,61255,5,7,10,180892,0,3,bank_error,0
pay_test_998,85333,4,2,4,123740,1,0,network_error,0
pay_test_999,19978,1,9,3,138125,1,2,bank_error,1
pay_test_1000,72719,0,1,8,29215,1,3,insufficient_funds,0
pay_test_approval,4999,3,5,5,12000,1,3,card_declined,0